all_available_room,room_total,not_available_room,TPK_x,hari_y,sum_aar,sum_rt,sum_nar,TPK_hasilsum,Bandara Ngurah Rai,Pelabuhan Benoa,Jumlah
17361.016129032258,27941.91935483871,10580.90322580645,35.982332514442895,62,1076383,1732399,656016,60.94633601608349,2.0,8.0,10.0
15538.517857142857,26191.535714285714,10653.017857142857,41.874439742024954,56,870157,1466726,596569,68.55877732409209,12.0,0.0,12.0
16422.633333333335,26036.833333333332,9614.2,34.8740312817201,60,985358,1562210,576852,58.54237749122654,3.0,0.0,3.0
17021.983333333334,27078.533333333333,10056.55,36.891496959714736,60,1021319,1624712,603393,59.07977820837564,9.0,0.0,9.0
17185.810344827587,27388.155172413793,10202.344827586207,37.38847741124437,58,996777,1588513,591736,59.364933179637966,8.0,0.0,8.0
16729.866666666665,27310.683333333334,10580.816666666668,40.07839775599526,60,1003792,1638641,634849,63.245074676825475,1.0,0.0,1.0
